{
  "SignUp" : {
    "transaction" : "SignUp",
    "sampleCount" : 100,
    "errorCount" : 99,
    "errorPct" : 99.0,
    "meanResTime" : 286.44000000000005,
    "medianResTime" : 231.5,
    "minResTime" : 14.0,
    "maxResTime" : 866.0,
    "pct1ResTime" : 479.6,
    "pct2ResTime" : 494.84999999999997,
    "pct3ResTime" : 865.6199999999998,
    "throughput" : 60.24096385542169,
    "receivedKBytesPerSec" : 21.06080572289157,
    "sentKBytesPerSec" : 18.82530120481928
  },
  "Add Inventory" : {
    "transaction" : "Add Inventory",
    "sampleCount" : 100,
    "errorCount" : 99,
    "errorPct" : 99.0,
    "meanResTime" : 25.089999999999993,
    "medianResTime" : 21.0,
    "minResTime" : 7.0,
    "maxResTime" : 68.0,
    "pct1ResTime" : 47.70000000000002,
    "pct2ResTime" : 52.94999999999999,
    "pct3ResTime" : 67.99,
    "throughput" : 59.701492537313435,
    "receivedKBytesPerSec" : 11.848180970149253,
    "sentKBytesPerSec" : 33.057369402985074
  },
  "Search Flight" : {
    "transaction" : "Search Flight",
    "sampleCount" : 100,
    "errorCount" : 0,
    "errorPct" : 0.0,
    "meanResTime" : 15.360000000000003,
    "medianResTime" : 11.0,
    "minResTime" : 4.0,
    "maxResTime" : 57.0,
    "pct1ResTime" : 33.400000000000034,
    "pct2ResTime" : 42.849999999999966,
    "pct3ResTime" : 56.969999999999985,
    "throughput" : 61.34969325153374,
    "receivedKBytesPerSec" : 160.13767733895708,
    "sentKBytesPerSec" : 28.038726993865033
  },
  "Cancel ticket" : {
    "transaction" : "Cancel ticket",
    "sampleCount" : 100,
    "errorCount" : 0,
    "errorPct" : 0.0,
    "meanResTime" : 36.83000000000001,
    "medianResTime" : 33.0,
    "minResTime" : 11.0,
    "maxResTime" : 104.0,
    "pct1ResTime" : 60.30000000000004,
    "pct2ResTime" : 84.29999999999984,
    "pct3ResTime" : 103.96999999999998,
    "throughput" : 63.775510204081634,
    "receivedKBytesPerSec" : 3.9859693877551017,
    "sentKBytesPerSec" : 23.66669323979592
  },
  "Total" : {
    "transaction" : "Total",
    "sampleCount" : 800,
    "errorCount" : 297,
    "errorPct" : 37.125,
    "meanResTime" : 111.71874999999999,
    "medianResTime" : 29.0,
    "minResTime" : 4.0,
    "maxResTime" : 999.0,
    "pct1ResTime" : 449.79999999999995,
    "pct2ResTime" : 531.9499999999999,
    "pct3ResTime" : 800.2600000000007,
    "throughput" : 401.60642570281124,
    "receivedKBytesPerSec" : 2380.8623164533133,
    "sentKBytesPerSec" : 176.48719879518072
  },
  "Get Ticket history by email" : {
    "transaction" : "Get Ticket history by email",
    "sampleCount" : 100,
    "errorCount" : 0,
    "errorPct" : 0.0,
    "meanResTime" : 18.709999999999997,
    "medianResTime" : 18.0,
    "minResTime" : 5.0,
    "maxResTime" : 50.0,
    "pct1ResTime" : 31.0,
    "pct2ResTime" : 33.94999999999999,
    "pct3ResTime" : 49.929999999999964,
    "throughput" : 63.051702395964696,
    "receivedKBytesPerSec" : 2708.560130635246,
    "sentKBytesPerSec" : 22.65920554854981
  },
  "Login" : {
    "transaction" : "Login",
    "sampleCount" : 100,
    "errorCount" : 0,
    "errorPct" : 0.0,
    "meanResTime" : 449.2100000000001,
    "medianResTime" : 496.5,
    "minResTime" : 108.0,
    "maxResTime" : 999.0,
    "pct1ResTime" : 633.4000000000001,
    "pct2ResTime" : 857.0499999999993,
    "pct3ResTime" : 998.8699999999999,
    "throughput" : 56.21135469364812,
    "receivedKBytesPerSec" : 33.101022344013494,
    "sentKBytesPerSec" : 17.181791034288928
  },
  "Get Ticket Details by PNR" : {
    "transaction" : "Get Ticket Details by PNR",
    "sampleCount" : 100,
    "errorCount" : 0,
    "errorPct" : 0.0,
    "meanResTime" : 19.609999999999996,
    "medianResTime" : 17.0,
    "minResTime" : 6.0,
    "maxResTime" : 67.0,
    "pct1ResTime" : 34.80000000000001,
    "pct2ResTime" : 44.89999999999998,
    "pct3ResTime" : 66.87999999999994,
    "throughput" : 62.46096189881324,
    "receivedKBytesPerSec" : 32.28084985946283,
    "sentKBytesPerSec" : 21.348961586508434
  },
  "Book Ticket" : {
    "transaction" : "Book Ticket",
    "sampleCount" : 100,
    "errorCount" : 99,
    "errorPct" : 99.0,
    "meanResTime" : 42.499999999999986,
    "medianResTime" : 40.0,
    "minResTime" : 14.0,
    "maxResTime" : 156.0,
    "pct1ResTime" : 61.0,
    "pct2ResTime" : 75.64999999999992,
    "pct3ResTime" : 155.46999999999974,
    "throughput" : 61.19951040391677,
    "receivedKBytesPerSec" : 8.722125535495717,
    "sentKBytesPerSec" : 49.84413249694003
  }
}